ticker,TAG,Unnamed: 2,Unnamed: 3,Unnamed: 4,Unnamed: 5
ICICIBANK,LCAP | N50 | N100 | BANKX | DUO30 | LEADER | HROE | HROCE | COMPD | QLTY | INDST | FINFORM,,,,
ZYDUSLIFE,LCAP | PHARMA | GROWTH | EXPORT | USREV | RNDX,,,,
KPITTECH,LCAP | TECH | EVX | GLOBEX | EXPORT | GROWTH | RNDX | AUTOX,,,,
CDSL,LCAP | DUO30 | ASSETL | NETWRK | MONO | HROE | FCFPOS | INDST | FINFORM,,,,
GRAVITA,MCAP | METAL | GRENX | GROWTH | EXPORT,,,,
GROBTEA,MICAP | FMCG | EXPORT,,,,
SUDARSCHEM,MCAP | CHEMX | NICHE | EXPORT,,,,
SOBHA,MCAP | REAL | DOMEST | URBNX,,,,
NESTLEIND,LCAP | N50 | N100 | FMCG | BRANDX | LEADER | COMPD | QLTY | HROE | DOMEST | GLOBEX,,,,
WABAG,MCAP | INFRA | NICHE | EXPORT | GROWTH | GRENX,,,,
YASHO,SCAP | CHEMX | NICHE | EXPORT,,,,
DALBHARAT,LCAP | INFRA | LEADER | GROWTH | DOMEST | INDST,,,,
THERMAX,LCAP | INFRA | CAPEX | GROWTH | GLOBEX | INDST,,,,
TATACONSUM,LCAP | N50 | N100 | FMCG | BRANDX | GROWTH | DOMEST | INDST,,,,
CAMS,MCAP | DUO30 | ASSETL | NETWRK | HROE | INDST | FINFORM,,,,
GANECOS,SCAP | CHEMX | NICHE | EXPORT,,,,
AMBIKCO,SCAP | CONSUM | EXPORT,,,,
JINDALPHOT,SCAP | METAL | NICHE | EXPORT,,,,
IPCALAB,LCAP | PHARMA | EXPORT,,,,
GRINFRA,MCAP | INFRA | GOVCAP | NATINF | GROWTH,,,,
SUNPHARMA,LCAP | N50 | N100 | PHARMA | LEADER | GLOBEX | EXPORT | USREV | HROE | COMPD | QLTY,,,,
GMMPFAUDLR,SCAP | INFRA | NICHE | EXPORT,,,,
ALKYLAMINE,MCAP | CHEMX | NICHE | EXPORT,,,,
ADANIPORTS,LCAP | N50 | N100 | INFRA | LOGIS | LEADER | NATINF | GOVCAP | DOMEST,,,,
ERIS,MCAP | PHARMA | DOMEST | GROWTH,,,,
KIRLOSBROS,MCAP | INFRA | EXPORT | GROWTH,,,,
ISGEC,MCAP | INFRA | EXPORT | GROWTH,,,,
SBIN,LCAP | N50 | N100 | BANKX | PSU | LEADER | DOMEST | GOVCAP | INDST | STRAT,,,,
INDHOTEL,LCAP | N100 | CONSUM | LEADER | PREM | COMPD | DOMEST | INDST,,,,
BIKAJI,MCAP | FMCG | GROWTH | DOMEST | RURALX | INDST,,,,
MAITHANALL,SCAP | METAL | NICHE | POWER,,,,
MAXHEALTH,LCAP | PHARMA | GROWTH | DOMEST | SCALEUP | INDST,,,,
MFSL,LCAP | N100 | INSUR | GROWTH | INDST,,,,
RELIANCE,LCAP | N50 | N100 | ENERGY | PLTFRM | ECOSYS | LEADER | COMPD | DOMEST | INDST | STRAT,,,,
ICICIGI,LCAP | N100 | INSUR | GROWTH | LEADER | INDST | FINFORM,,,,
GRPLTD,SCAP | CONSUM | DOMEST,,,,
HAVELLS,LCAP | N100 | CONSUM | LEADER | BRANDX | GROWTH | DOMEST,,,,
MASTEK,MCAP | TECH | EXPORT | USREV | EUREV,,,,
JUBLPHARMA,MCAP | PHARMA | EXPORT | NICHE,,,,
RPGLIFE,SCAP | PHARMA | EXPORT,,,,
VIJAYA,MCAP | BANKX | INDST,,,,
CYIENT,MCAP | TECH | GLOBEX | EXPORT | GROWTH,,,,
IMFA,MCAP | METAL | CYCL | COMMOD,,,,
RAINBOW,MCAP | PHARMA | GROWTH | DOMEST | NICHE | INDST,,,,
ZENTEC,MCAP | DEFX | TECH | NICHE,,,,
HOMEFIRST,MCAP | NBFC | GROWTH | INDST | URBNX,,,,
BHARTIARTL,LCAP | N50 | N100 | TELE | DUO30 | LEADER | COMPD | DOMEST | GLOBEX | INDST,,,,
NUVAMA,LCAP | NBFC | ASSETL | INDST,,,,
JINDALSTEL,LCAP | N100 | METAL | CYCL | COMMOD,,,,
GABRIEL,MCAP | AUTO | NICHE,,,,
APOLSINHOT,MICAP | CONSUM | DOMEST,,,,
GHCL,SCAP | CHEMX,,,,
EXCELINDUS,SCAP | CHEMX | NICHE,,,,
CARBORUNIV,LCAP | INFRA | NICHE | EXPORT,,,,
JUSTDIAL,SCAP | TECH | PLTFRM | DOMEST | AGGR,,,,
ZENSARTECH,MCAP,,,,
MOLDTKPAC,SCAP | CONSUM | NICHE | EXPORT,,,,
DENORA,MICAP,,,,
FORTIS,LCAP | PHARMA | DOMEST | INDST,,,,
SALZERELEC,SCAP | INFRA | NICHE,,,,
GLOBUSSPR,SCAP | CONSUM | EXPORT,,,,
AXISBANK,LCAP | N50 | N100 | BANKX | HROE | LEADER | INDST | FINFORM,,,,
AUROPHARMA,LCAP | N100 | PHARMA | EXPORT | USREV,,,,
POLICYBZR,LCAP | INSUR | FINX | PLTFRM | GROWTH | DIGFIN | INDST,,,,
TIIL,MCAP | CONSUM | NICHE,,,,
ACCELYA,SCAP | TECH | SAAS | AVIAT | EXPORT,,,,
METROBRAND,LCAP | RETAIL | GROWTH | DOMEST,,,,
FINCABLES,MCAP | INFRA | GROWTH,,,,
WHIRLPOOL,MCAP | CONSUM | GLOBEX | DOMEST,,,,
ASAHIINDIA,LCAP | AUTO | CHEMX | NICHE | GLOBEX,,,,
APLLTD,MCAP | PHARMA | EXPORT | GROWTH,,,,
AHLUCONT,MCAP | INFRA | NICHE | EXPORT,,,,
NELCO,SCAP | DEFX | TECH | NICHE,,,,
MARICO,LCAP | N100 | FMCG | BRANDX | COMPD | HROE | DOMEST | GLOBEX,,,,
ALICON,SCAP,,,,
SHYAMMETL,LCAP | METAL | GROWTH,,,,
EMAMILTD,MCAP | FMCG | BRANDX | DOMEST,,,,
COSMOFIRST,SCAP | CHEMX | NICHE | EXPORT,,,,
TTKPRESTIG,MCAP | CONSUM | DOMEST | CONSUP,,,,
TATAINVEST,LCAP | NBFC | VALUE | DIVX,,,,
WELCORP,LCAP | INFRA | EXPORT | NICHE,,,,
DELHIVERY,LCAP | LOGIS | PLTFRM | GROWTH | DOMEST | INDST,,,,
CHOICEIN,MCAP | NBFC | DOMEST,,,,
JUBLINGREA,MCAP | REAL | DOMEST,,,,
SVLL,SCAP | CONSUM | DOMEST,,,,
ARVSMART,SCAP | TECH | GROWTH,,,,
NH,LCAP | PHARMA | GROWTH | DOMEST | SCALEUP | INDST,,,,
ASIANPAINT,LCAP | N50 | N100 | CONSUM | BRANDX | LEADER | DUO30 | COMPD | HROE | DOMEST,,,,
GODREJPROP,LCAP | N100 | REAL | LEADER | GROWTH | DOMEST | URBNX,,,,
GKWLIMITED,SCAP,,,,
CONCORDBIO,MCAP | PHARMA | BIOX | EXPORT | GROWTH,,,,
POLYCAB,LCAP | INFRA | LEADER | GROWTH | DOMEST | INDST,,,,
ADANIGREEN,LCAP | N100 | POWER | SOLX | GRENX | CLNENG | GROWTH | ENTRANS,,,,
ZOTA,SCAP,,,,
JSWSTEEL,LCAP | N50 | N100 | METAL | CYCL | COMMOD | LEADER | CAPEX,,,,
RATNAMANI,MCAP | INFRA | NICHE | EXPORT,,,,
LUPIN,LCAP | N100 | PHARMA | GLOBEX | EXPORT | USREV | REVIVAL,,,,
HCLTECH,LCAP | N50 | N100 | TECH | LEADER | GLOBEX | EXPORT | USREV | HROE | COMPD,,,,
UTIAMC,MCAP | NBFC | ASSETL | INDST | FINFORM,,,,
GALAXYSURF,MCAP | CHEMX | NICHE | EXPORT,,,,
GOODLUCK,SCAP,,,,
TTKHLTCARE,SCAP | FMCG | DOMEST,,,,
TECHM,LCAP | N50 | N100 | TECH | GLOBEX | EXPORT | USREV | REVIVAL,,,,
SAFARI,MCAP | CONSUM | GROWTH | DOMEST | BRANDX,,,,
ADANIENT,LCAP,,,,
BAJAJFINSV,LCAP | N50 | N100 | NBFC | ECOSYS | LEADER | COMPD | INDST | FINFORM,,,,
HDFCAMC,LCAP | N100 | NBFC | ASSETL | LEADER | HROE | FCFPOS | COMPD | INDST | FINFORM,,,,
SIEMENS,LCAP | N100 | INFRA | CAPEX | GROWTH | GLOBEX | INDST,,,,
PIDILITIND,LCAP | N100 | CHEMX | BRANDX | LEADER | MONO | HROE | COMPD | QLTY | DOMEST,,,,
SBILIFE,LCAP | N50 | N100 | INSUR | GROWTH | LEADER | INDST | FINFORM,,,,
HINDUNILVR,LCAP | N50 | N100 | FMCG | BRANDX | LEADER | COMPD | DOMEST | CONSUP,,,,
KOTAKBANK,LCAP | N50 | N100 | BANKX | HROE | HROCE | QLTY | COMPD | LEADER | INDST,,,,
CIPLA,LCAP | N50 | N100 | PHARMA | GLOBEX | EXPORT | USREV,,,,
VINATIORGA,MCAP | CHEMX | NICHE | EXPORT | GROWTH,,,,
FLUOROCHEM,LCAP | CHEMX | NICHE | EXPORT | GROWTH,,,,
POLYMED,MCAP | PHARMA | MEDTX | EXPORT | GROWTH,,,,
TATACOMM,LCAP | TELE | GLOBEX | GROWTH | CLOUDX,,,,
DCMSHRIRAM,MCAP | CHEMX | CYCL,,,,
COLPAL,LCAP | FMCG | BRANDX | COMPD | HROE | DOMEST | GLOBEX,,,,
CUMMINSIND,LCAP | INFRA | EXPORT | GROWTH | GLOBEX,,,,
ASTRAL,LCAP | INFRA | LEADER | COMPD | GROWTH | DOMEST,,,,
DODLA,MCAP | FMCG | DOMEST | REGLEAD,,,,
TEGA,MCAP,,,,
PRESTIGE,LCAP | REAL | GROWTH | DOMEST | URBNX,,,,
AXISCADES,MCAP | TECH | DEFX | EXPORT,,,,
SKFINDIA,MCAP | AUTO | GLOBEX | NICHE,,,,
GULFOILLUB,SCAP,,,,
INTELLECT,MCAP | TECH | SAAS | FINX | GROWTH | EXPORT,,,,
TORNTPOWER,LCAP | POWER | REGLEAD | COMPD,,,,
HESTERBIO,SCAP | PHARMA | BIOX | EXPORT | NICHE,,,,
BHARATRAS,SCAP | FMCG | DOMEST,,,,
LODHA,LCAP | REAL | GROWTH | DOMEST | URBNX,,,,
VENUSPIPES,SCAP | INFRA | GROWTH,,,,
DHUNINV,SCAP | NBFC | VALUE,,,,
BATAINDIA,MCAP | RETAIL | BRANDX | DOMEST,,,,
HDFCBANK,LCAP | N50 | N100 | BANKX | DUO30 | LEADER | HROE | HROCE | COMPD | QLTY | INDST | FINFORM,,,,
ASTRAMICRO,MCAP | DEFX | NICHE | GROWTH,,,,
HATSUN,LCAP | FMCG | DOMEST | REGLEAD,,,,
ASALCBR,SCAP,,,,
TVSELECT,SCAP | AUTO | DOMEST,,,,
MANGLMCEM,SCAP | INFRA | DOMEST,,,,
AARTIPHARM,MCAP | PHARMA | EXPORT,,,,
AUBANK,LCAP | BANKX | GROWTH | INDST | SCALEUP,,,,
SYNGENE,MCAP | PHARMA | BIOX | EXPORT | GROWTH | RNDX | CONTRX,,,,
LICHSGFIN,LCAP | NBFC | INDST,,,,
SUPRIYA,MCAP | PHARMA | EXPORT | GROWTH,,,,
SCHNEIDER,LCAP | INFRA | CAPEX | GLOBEX,,,,
ASTERDM,LCAP | PHARMA | GROWTH | DOMEST | INDST,,,,
CONTROLPR,SCAP | TECH | NICHE,,,,
DLF,LCAP | N100 | REAL | LEADER | PREM | DOMEST | INDST | URBNX,,,,
MAYURUNIQ,SCAP | CONSUM | EXPORT | DOMEST,,,,
MTARTECH,LCAP | DEFX | NICHE | GROWTH | MAKEIN,,,,
SIGNATURE,MCAP | NBFC | GROWTH | INDST,,,,
BALAMINES,MCAP | CHEMX | NICHE | EXPORT,,,,
NAUKRI,LCAP | TECH | PLTFRM | NETWRK | ASSETL | LEADER | HROE | DOMEST,,,,
GODREJCP,LCAP | N100 | FMCG | BRANDX | DOMEST | GLOBEX,,,,
PUNJABCHEM,SCAP | CHEMX,,,,
RAMCOCEM,LCAP | INFRA | REGLEAD | DOMEST,,,,
COCHINSHIP,LCAP | DEFX | PSU | STRAT | GOVCAP | GOVORD | MAKEIN,,,,
360ONE,LCAP | NBFC | ASSETL | GROWTH | INDST | FINFORM,,,,
KIRLPNU,MCAP,,,,
AURIONPRO,SCAP | TECH | FINX | GROWTH,,,,
TIINDIA,LCAP,,,,
MPHASIS,LCAP | N100 | TECH | USREV | EXPORT | GROWTH,,,,
DEEPAKNTR,LCAP | CHEMX | GROWTH | EXPORT | CHN1,,,,
OLECTRA,MCAP | AUTO | EVX | GROWTH,,,,
MANKIND,LCAP,,,,
POWERMECH,MCAP | INFRA | GROWTH,,,,
OBEROIRLTY,LCAP | REAL | PREM | DOMEST | URBNX,,,,
GLAXO,LCAP | PHARMA | GLOBEX | USREV,,,,
UBL,LCAP | FMCG | BRANDX | DOMEST | DUO30,,,,
STYRENIX,SCAP | CHEMX,,,,
NESCO,MCAP | REAL | CONSUM | DOMEST,,,,
LTTS,LCAP | TECH | GLOBEX | EXPORT | GROWTH | RNDX,,,,
PERSISTENT,LCAP | N100 | TECH | GLOBEX | EXPORT | HYPERG | GROWTH,,,,
HONDAPOWER,SCAP,,,,
ETHOSLTD,MCAP | RETAIL | PREM | DOMEST | CONSUP,,,,
STYLAMIND,SCAP,,,,
KPIL,LCAP | INFRA | GROWTH | GOVCAP,,,,
MAZDOCK,LCAP | DEFX | PSU | STRAT | GOVCAP | GOVORD | MAKEIN | MONO,,,,
SHAILY,MCAP,,,,
IMPAL,SCAP | AUTO | DOMEST,,,,
DPABHUSHAN,SCAP | RETAIL | DOMEST,,,,
UNOMINDA,LCAP | AUTO | GROWTH | DOMEST,,,,
GESHIP,LCAP | LOGIS | PSU | EXPORT,,,,
BBTC,MCAP | CONSUM | REAL | DOMEST,,,,
DHANUKA,MCAP | CHEMX | DOMEST | AGRTX,,,,
GRINDWELL,LCAP | INFRA | NICHE | GLOBEX,,,,
KALYANKJIL,LCAP | RETAIL | GROWTH | DOMEST,,,,
BAJFINANCE,LCAP | N50 | N100 | NBFC | GROWTH | HYPERG | COMPD | HROE | LEADER | INDST | FINFORM,,,,
XPROINDIA,SCAP,,,,
GANDHITUBE,SCAP | INFRA | NICHE,,,,
AMRUTANJAN,SCAP | FMCG | DOMEST,,,,
SHANTIGEAR,SCAP,,,,
SBICARD,LCAP | N100 | NBFC | GROWTH | INDST | FINFORM,,,,
EIHOTEL,SCAP | CONSUM | PREM | DOMEST,,,,
SUPRAJIT,MCAP | AUTO | GLOBEX | EXPORT,,,,
LICI,LCAP | INSUR | PSU | LEADER | STRAT | INDST,,,,
SHARDACROP,MCAP | CHEMX | DOMEST,,,,
BUTTERFLY,SCAP | CONSUM | DOMEST,,,,
WHEELS,SCAP | AUTO | DOMEST,,,,
KPRMILL,LCAP | CONSUM | EXPORT | GROWTH,,,,
KIMS,LCAP | PHARMA | GROWTH | DOMEST | REGLEAD | INDST,,,,
SUNDRMFAST,MCAP | AUTO | EXPORT | GLOBEX,,,,
NUCLEUS,SCAP | TECH | SAAS | FINX | GROWTH,,,,
SRHHYPOLTD,SCAP,,,,
CYIENTDLM,SCAP | DEFX | TECH | GROWTH,,,,
DATAMATICS,SCAP | TECH | EXPORT | GROWTH,,,,
INSECTICID,SCAP | CHEMX | DOMEST,,,,
ARVIND,MCAP | CONSUM | EXPORT,,,,
NIPPOBATRY,MICAP | CONSUM | BATTX,,,,
JSL,LCAP | METAL | CYCL | COMMOD,,,,
AVALON,MCAP | TECH | EXPORT | GROWTH,,,,
INDIANB,LCAP | BANKX | PSU | INDST,,,,
WELENT,MCAP | TECH | GROWTH,,,,
CENTURYPLY,MCAP | CONSUM | GROWTH | DOMEST,,,,
MAGADSUGAR,SCAP | FMCG | CYCL,,,,
WINDLAS,SCAP,,,,
CANFINHOME,MCAP | NBFC | GROWTH | INDST | URBNX,,,,
SUNDRMBRAK,MICAP,,,,
APOLLOTYRE,LCAP | AUTO | DOMEST,,,,
CARYSIL,SCAP | CONSUM | EXPORT | GROWTH,,,,
SYMPHONY,MCAP | CONSUM | GROWTH | EXPORT | DOMEST,,,,
VINDHYATEL,SCAP | TELE | INFRA,,,,
KIRLOSENG,LCAP,,,,
MEDANTA,LCAP | PHARMA | GROWTH | DOMEST | INDST,,,,
V2RETAIL,MCAP | RETAIL | DOMEST | RURALX,,,,
TEAMLEASE,SCAP | SERVX | DOMEST,,,,
BALKRISIND,LCAP,,,,
INDIAMART,MCAP | TECH | PLTFRM | NETWRK | MARKET | GROWTH | DOMEST,,,,
TATAELXSI,LCAP | TECH | EVX | GLOBEX | EXPORT | GROWTH | RNDX,,,,
PAYTM,LCAP | FINX | PLTFRM | DIGFIN | TURN | DOMEST,,,,
NAVINFLUOR,LCAP | CHEMX | NICHE | EXPORT | GROWTH,,,,
TIMKEN,LCAP | AUTO | GLOBEX | NICHE,,,,
GRASIM,LCAP,,,,
PGIL,MCAP,,,,
FIEMIND,MCAP,,,,
SCHAEFFLER,LCAP | AUTO | GLOBEX | NICHE,,,,
PRUDENT,MCAP | NBFC | ASSETL | GROWTH | INDST | FINFORM,,,,
NBIFIN,SCAP | NBFC | INDST,,,,
DATAPATTNS,LCAP | DEFX | TECH | STRAT | GROWTH | NICHE | GOVORD | MAKEIN,,,,
LAURUSLABS,LCAP | PHARMA | BIOX | EXPORT | GROWTH,,,,
PHOENIXLTD,LCAP | REAL | PLTFRM | GROWTH | RETAIL | DOMEST,,,,
METROPOLIS,MCAP | PHARMA | GROWTH | DOMEST | INDST,,,,
VENKEYS,SCAP | FMCG | DOMEST,,,,
KAJARIACER,MCAP | CONSUM | LEADER | DOMEST | INDST,,,,
COROMANDEL,LCAP | CHEMX | FMCG | DOMEST | INDST,,,,
BSE,LCAP | DUO30 | ASSETL | NETWRK | MONO | HROE | FCFPOS | INDST | FINFORM,,,,
LLOYDSME,LCAP | INFRA | GROWTH,,,,
MALLCOM,SCAP,,,,
PRIVISCL,MCAP,,,,
GRSE,LCAP | DEFX | PSU | STRAT | GOVCAP | GOVORD | MAKEIN,,,,
CHEVIOT,SCAP,,,,
DRREDDY,LCAP | N50 | N100 | PHARMA | GLOBEX | EXPORT | USREV | HROE | COMPD,,,,
KDDL,SCAP,,,,
ANURAS,MCAP | INFRA | GROWTH,,,,
CREDITACC,LCAP | NBFC | RURALX | INDST,,,,
ARMANFIN,SCAP | NBFC | RURALX | GROWTH | INDST,,,,
EXPLEOSOL,SCAP | TECH | EXPORT,,,,
INDOTECH,SCAP | INFRA | NICHE | EXPORT,,,,
THEJO,SCAP | INFRA | NICHE | EXPORT,,,,
AAVAS,MCAP | NBFC | GROWTH | INDST | RURALX,,,,
JPOLYINVST,SCAP | NBFC | VALUE,,,,
NGLFINE,SCAP | CHEMX,,,,
LGBBROSLTD,SCAP | AUTO | NICHE,,,,
IGPL,SCAP | LOGIS | NICHE,,,,
GODREJAGRO,MCAP | CHEMX | DOMEST | AGRTX,,,,
BAJAJELEC,SCAP,,,,
TATACHEM,MCAP | CHEMX | CYCL,,,,
VBL,LCAP,,,,
VRLLOG,SCAP | LOGIS | DOMEST,,,,
ELGIEQUIP,MCAP | INFRA | EXPORT | GROWTH,,,,
SAREGAMA,MCAP | MEDIA | GROWTH | DOMEST | NETWRK,,,,
MOTILALOFS,LCAP | NBFC | ASSETL | GROWTH | INDST | FINFORM,,,,
DSSL,SCAP | INFRA | NICHE,,,,
SUNTV,LCAP | MEDIA | LEADER | REGLEAD | DOMEST | DIVX,,,,
RPSGVENT,SCAP | INFRA | GROWTH,,,,
MAHSEAMLES,MCAP | INFRA | NICHE | EXPORT,,,,
INDRAMEDCO,SCAP | PHARMA | DOMEST,,,,
ALBERTDAVD,MICAP | PHARMA,,,,
HDFCLIFE,LCAP | N50 | N100 | INSUR | GROWTH | LEADER | INDST | FINFORM,,,,
NEWGEN,MCAP | TECH | SAAS | SUBREV | GROWTH | INDST,,,,
ICICIPRULI,LCAP | N100 | INSUR | GROWTH | INDST | FINFORM,,,,
PNBHOUSING,LCAP | NBFC | INDST,,,,
KRSNAA,SCAP | PHARMA | DOMEST,,,,
POKARNA,SCAP,,,,
WONDERLA,SCAP | CONSUM | DOMEST,,,,
VMART,MCAP | RETAIL | DOMEST | RURALX,,,,
BFINVEST,SCAP | NBFC | INDST,,,,
CONCOR,LCAP | LOGIS | PSU | MONO | DOMEST | INFRA,,,,
SOMATEX,MICAP | CONSUM,,,,
SOMANYCERA,SCAP | CONSUM | DOMEST,,,,
HNDFDS,MCAP | CONSUM | DOMEST,,,,
SARDAEN,MCAP | METAL | CYCL | POWER,,,,
SPAL,SCAP,,,,
TAJGVK,SCAP | CONSUM | PREM | DOMEST,,,,
TOKYOPLAST,SCAP | CONSUM,,,,
RELAXO,MCAP | RETAIL | BRANDX | DOMEST | RURALX,,,,
ITI,LCAP | TECH | PSU | GOVORD | MAKEIN,,,,
JAYAGROGN,SCAP,,,,
ADVENZYMES,SCAP,,,,
BANCOINDIA,MCAP,,,,
NEOGEN,SCAP | CHEMX | EXPORT | GROWTH,,,,
SANDESH,SCAP | MEDIA | DOMEST,,,,
BLUESTARCO,LCAP,,,,
INDIAGLYCO,MCAP | FMCG | CYCL,,,,
ADANIENSOL,LCAP | POWER | SOLX | GRENX | CLNENG | GROWTH | ENTRANS,,,,
DIXON,LCAP | TECH | CONTRX | MAKEIN | PLI | CHN1 | GROWTH | EXPAND | INDST,,,,
KFINTECH,MCAP | DUO30 | ASSETL | NETWRK | INDST | FINFORM,,,,
BHARATFORG,LCAP | AUTO | GLOBEX | EXPORT,,,,
HIRECT,SCAP | INFRA | NICHE,,,,
WELINV,SCAP | NBFC | VALUE,,,,
EPIGRAL,MCAP | CHEMX | NICHE | EXPORT | GROWTH,,,,
DEEPAKFERT,MCAP | CHEMX | GROWTH,,,,
WOCKPHARMA,LCAP | PHARMA | EXPORT | REVIVAL,,,,
BIRLACORPN,MCAP | INFRA | DOMEST,,,,
CAPLIPOINT,MCAP | PHARMA | EXPORT | GROWTH | CONTRX,,,,
NDGL,MICAP,,,,
NEULANDLAB,LCAP | PHARMA | EXPORT | GROWTH | NICHE,,,,
EIMCOELECO,SCAP | INFRA | NICHE,,,,
ANGELONE,LCAP | NBFC | FINX | PLTFRM | GROWTH | DIGFIN | INDST,,,,
GODREJIND,LCAP,,,,
LALPATHLAB,LCAP | PHARMA | GROWTH | DOMEST | INDST,,,,
GLENMARK,LCAP | PHARMA | EXPORT | GLOBEX,,,,
BEML,MCAP | DEFX | PSU | GOVORD,,,,
EIDPARRY,MCAP,,,,
COFORGE,LCAP | TECH | GLOBEX | EXPORT | GROWTH,,,,
JBCHEPHARM,LCAP | PHARMA | EXPORT | GROWTH,,,,
AFFLE,LCAP | TECH | GROWTH | AIX | GLOBEX | DOMEST,,,,
KOLTEPATIL,SCAP | REAL | DOMEST,,,,
HGINFRA,SCAP | INFRA | GOVCAP | GROWTH,,,,
GNFC,MCAP | CHEMX | PSU,,,,
FACT,LCAP | CHEMX | PSU,,,,
CGCL,MCAP | NBFC | GROWTH | INDST,,,,
SHARDAMOTR,MCAP | AUTO | EXPORT,,,,
MACPOWER,SCAP | INFRA | NICHE,,,,
UNIVCABLES,SCAP | INFRA,,,,
AVADHSUGAR,SCAP | FMCG | CYCL,,,,
ICEMAKE,SCAP,,,,
NAM-INDIA,LCAP | NBFC | ASSETL | INDST | FINFORM,,,,
SUMICHEM,LCAP | CHEMX | EXPORT | GROWTH,,,,
REPRO,SCAP,,,,
MONTECARLO,SCAP | INFRA | GOVCAP,,,,
BPCL,LCAP | N50 | N100 | ENERGY | PSU | STRAT | ENSEC,,,,
PNCINFRA,MCAP | INFRA | GOVCAP | GROWTH,,,,
ATULAUTO,SCAP | AUTO | RURALX | DOMEST,,,,
EMSLIMITED,SCAP | TECH | CONTRX | MAKEIN | GROWTH,,,,
NDRAUTO,SCAP | AUTO,,,,
SYRMA,MCAP | TECH | CONTRX | MAKEIN | PLI | GROWTH,,,,
PITTIENG,SCAP,,,,
VGUARD,MCAP,,,,
PNB,LCAP | N100 | BANKX | PSU | INDST,,,,
SAGCEM,SCAP | INFRA | DOMEST,,,,
HITECHGEAR,SCAP,,,,
RAMCOIND,SCAP,,,,
SHRIRAMFIN,LCAP | N50 | N100 | NBFC | RURALX | DOMEST | INDST,,,,
TVSSCS,SCAP,,,,
ORIENTHOT,SCAP | CONSUM | DOMEST,,,,
RSYSTEMS,SCAP | TECH | EXPORT,,,,
EMIL,SCAP,,,,
MONARCH,SCAP,,,,
NINSYS,SCAP,,,,
ARVINDFASN,MCAP,,,,
BEL,LCAP | N50 | N100 | DEFX | PSU | STRAT | GOVCAP | GOVORD | MAKEIN | GROWTH | INDST,,,,
TATVA,SCAP | CHEMX | NICHE | EXPORT,,,,
SUMMITSEC,SCAP | NBFC,,,,
CARTRADE,MCAP | TECH | PLTFRM | MARKET | DOMEST,,,,
ANUP,SCAP | INFRA | NICHE | EXPORT,,,,
MPSLTD,SCAP | TECH | EXPORT,,,,
IFBIND,SCAP | CONSUM | DOMEST,,,,
NILKAMAL,SCAP | CONSUM | DOMEST,,,,
GMBREW,SCAP | FMCG | DOMEST,,,,
MRF,LCAP | AUTO | LEADER | HROE | COMPD | DOMEST,,,,
ABB,LCAP | N100 | INFRA | CAPEX | GROWTH | GLOBEX | INDST,,,,
KEI,LCAP | INFRA | GROWTH | DOMEST,,,,
HAL,LCAP | N100 | DEFX | PSU | STRAT | GOVCAP | GOVORD | MAKEIN | CAPEX | GROWTH | INDST,,,,
ESCORTS,LCAP | AUTO | DOMEST | RURALX | AGRTX,,,,
CHOLAFIN,LCAP | N100 | NBFC | GROWTH | HROE | COMPD | INDST,,,,
TCS,LCAP | N50 | N100 | TECH | LEADER | GLOBEX | EXPORT | USREV | HROE | COMPD | QLTY | DIVX,,,,
RRKABEL,LCAP | INFRA | GROWTH | DOMEST,,,,
APLAPOLLO,LCAP | INFRA | LEADER | GROWTH | DOMEST,,,,
DIAMONDYD,SCAP,,,,
SAKSOFT,SCAP | TECH | EXPORT,,,,
STOVEKRAFT,SCAP | CONSUM | DOMEST,,,,
PANSARI,MICAP | FMCG | DOMEST,,,,
SUBROS,SCAP | AUTO | NICHE,,,,
MAHLIFE,MCAP | REAL | DOMEST,,,,
PRIMESECU,SCAP,,,,
NAVA,MCAP,,,,
WEALTH,SCAP,,,,
RALLIS,SCAP | CHEMX | DOMEST,,,,
NRAIL,SCAP | INFRA | GOVCAP,,,,
GALLANTT,MCAP | METAL | CYCL,,,,
WESTLIFE,MCAP | RETAIL | FRANCH | DOMEST,,,,
DBCORP,SCAP | MEDIA | DOMEST,,,,
INDUSINDBK,LCAP | N50 | N100 | BANKX | LEADER | INDST,,,,
DEEPINDS,SCAP | CHEMX | NICHE,,,,
INDIANCARD,MICAP | CONSUM,,,,
SIYSIL,SCAP | CHEMX | NICHE,,,,
ABCAPITAL,LCAP | NBFC | GROWTH | INDST,,,,
BIRLACABLE,MICAP | INFRA,,,,
ONGC,LCAP | N50 | N100 | ENERGY | PSU | STRAT | ENSEC | COMMOD | DIVX,,,,
INDNIPPON,SCAP,,,,
TRITURBINE,LCAP | POWER | NICHE | EXPORT | GROWTH,,,,
KANSAINER,MCAP | CONSUM | DOMEST,,,,
GUJALKALI,MCAP | CHEMX,,,,
RAMRAT,SCAP | INFRA,,,,
MARINE,SCAP | LOGIS | EXPORT,,,,
SDBL,SCAP,,,,
GMRP&UI,MCAP,,,,
ADFFOODS,SCAP | FMCG | EXPORT,,,,
ASHAPURMIN,MCAP,,,,
GOCLCORP,SCAP | LOGIS | DOMEST,,,,
NATCOPHARM,LCAP | PHARMA | NICHE | EXPORT,,,,
MANYAVAR,MCAP | RETAIL | BRANDX | GROWTH | DOMEST,,,,
CENTUM,SCAP | DEFX | NICHE | EXPORT | GROWTH,,,,
ENDURANCE,LCAP | AUTO | GLOBEX | GROWTH,,,,
VOLTAS,LCAP | N100 | CONSUM | LEADER | GROWTH | DOMEST,,,,
MANORAMA,MCAP,,,,
SJS,MCAP | AUTO | NICHE | EXPORT,,,,
CHOLAHLDNG,LCAP | NBFC | ECOSYS | INDST,,,,
GODFRYPHLP,LCAP | FMCG | CONSUM | DOMEST,,,,
POCL,SCAP,,,,
LANDMARK,SCAP,,,,
YATHARTH,MCAP | PHARMA | GROWTH | DOMEST | INDST,,,,
ORBTEXP,MICAP | LOGIS,,,,
ASIANENE,SCAP | POWER | SOLX | GRENX,,,,
DECCANCE,SCAP | CONSUM,,,,
SAMHI,SCAP | CONSUM | DOMEST,,,,
PARAS,MCAP | DEFX | NICHE,,,,
IRCTC,LCAP | N100 | LOGIS | PSU | MONO | PLTFRM | DIGIND | DOMEST,,,,
VLSFINANCE,SCAP | NBFC,,,,
TDPOWERSYS,MCAP | INFRA | POWER | GROWTH,,,,
MARKSANS,MCAP | PHARMA | EXPORT | GROWTH,,,,
JSWINFRA,LCAP | LOGIS | INFRA | GROWTH | DOMEST,,,,
VESUVIUS,MCAP | INFRA | NICHE | GLOBEX,,,,
TALBROAUTO,SCAP | AUTO | GLOBEX,,,,
SURYAROSNI,MCAP,,,,
TATASTEEL,LCAP | N50 | N100 | METAL | CYCL | COMMOD | GLOBEX | CAPEX,,,,
POONAWALLA,LCAP | NBFC | GROWTH | INDST,,,,
HINDPETRO,LCAP | N100 | ENERGY | PSU | ENSEC,,,,
AYMSYNTEX,SCAP | CONSUM | EXPORT,,,,
EXIDEIND,LCAP | AUTO | BATTX | GROWTH | DOMEST,,,,
CHEMFAB,SCAP,,,,
SHAREINDIA,SCAP | NBFC | FINX | INDST,,,,
HERITGFOOD,SCAP | FMCG | DOMEST,,,,
STARPAPER,MICAP | CONSUM,,,,
CGPOWER,LCAP | N100 | POWER | CAPEX | GROWTH | MAKEIN | INDST,,,,
KPIGREEN,MCAP | POWER | SOLX | GRENX | CLNENG | GROWTH,,,,
GOKEX,MCAP | CONSUM | DOMEST,,,,
RAYMOND,SCAP | CONSUM | BRANDX | DOMEST,,,,
TITAGARH,MCAP | INFRA | GOVCAP | GROWTH | MAKEIN,,,,
BORORENEW,MCAP | POWER | GRENX | GROWTH,,,,
BALRAMCHIN,MCAP | FMCG | CYCL,,,,
SKIPPER,MCAP | INFRA | GROWTH | GOVCAP,,,,
KALYANIFRG,MICAP | AUTO | EXPORT,,,,
USHAMART,MCAP,,,,
CHENNPETRO,MCAP | ENERGY | PSU | CYCL,,,,
BERGEPAINT,LCAP | N100 | CONSUM | BRANDX | DUO30 | DOMEST,,,,
VTL,MCAP,,,,
MANAKCOAT,SCAP,,,,
PRAJIND,MCAP | INFRA | EXPORT | GROWTH | NICHE,,,,
SHILPAMED,MCAP | PHARMA | MEDTX | NICHE | EXPORT,,,,
EVERESTIND,SCAP,,,,
FAIRCHEMOR,SCAP | CHEMX | NICHE,,,,
VISHNU,SCAP | CHEMX,,,,
MAZDA,MICAP,,,,
OPTIEMUS,SCAP | TECH | CONTRX | MAKEIN,,,,
ARROWGREEN,SCAP,,,,
REDTAPE,MCAP | RETAIL | GROWTH | DOMEST,,,,
KRISHANA,SCAP,,,,
FDC,MCAP,,,,
PKTEA,MICAP | FMCG,,,,
MHRIL,SCAP | CONSUM | DOMEST,,,,
ABSLAMC,LCAP | NBFC | ASSETL | INDST | FINFORM,,,,
DALMIASUG,SCAP | FMCG | CYCL,,,,
RBLBANK,LCAP | BANKX | INDST | TURN,,,,
CSLFINANCE,SCAP | NBFC | INDST,,,,
TECHNOE,MCAP | TECH | GROWTH,,,,
SEAMECLTD,SCAP,,,,
KERNEX,SCAP | INFRA | GOVORD | NICHE,,,,
SASKEN,SCAP,,,,
AJANTPHARM,LCAP | PHARMA | EXPORT | GLOBEX | GROWTH,,,,
TCIEXP,SCAP | LOGIS | DOMEST | GROWTH,,,,
BOROLTD,SCAP | INFRA,,,,
TAINWALCHM,MICAP | CHEMX,,,,
ROSSARI,SCAP | CHEMX | NICHE,,,,
BIOCON,LCAP | PHARMA | BIOX | GLOBEX | EXPORT,,,,
BALMLAWRIE,SCAP,,,,
SHK,SCAP,,,,
TATAPOWER,LCAP | N100 | POWER | SOLX | ENTRANS | GROWTH | INDST,,,,
VIPIND,SCAP | CONSUM | DOMEST,,,,
HAPPSTMNDS,MCAP | TECH | EXPORT | GROWTH,,,,
BHAGERIA,SCAP | CHEMX | EXPORT,,,,
PANACEABIO,SCAP | PHARMA | BIOX | EXPORT,,,,
SONACOMS,LCAP | AUTO | EVX | EXPORT | GROWTH,,,,
TEJASNET,MCAP | TELE | GROWTH | MAKEIN,,,,
GICRE,LCAP | INSUR | PSU | INDST,,,,
CHAMBLFERT,MCAP | CHEMX,,,,
TBZ,SCAP | RETAIL | DOMEST,,,,
DCBBANK,MCAP | BANKX | INDST,,,,
JUBLFOOD,LCAP | RETAIL | FRANCH | DOMEST | CONSUP,,,,
HINDALCO,LCAP | N50 | N100 | METAL | CYCL | COMMOD | GLOBEX,,,,
PSPPROJECT,SCAP | INFRA | GOVCAP | NICHE,,,,
JKPAPER,MCAP | CONSUM | DOMEST,,,,
PATANJALI,LCAP | FMCG | BRANDX | DOMEST,,,,
NIACL,LCAP | INSUR | PSU | INDST,,,,
CAMLINFINE,SCAP | CHEMX | EXPORT | NICHE,,,,
SPLPETRO,MCAP | ENERGY | NICHE,,,,
AMBUJACEM,LCAP | N100 | INFRA | LEADER | DOMEST,,,,
FEDERALBNK,LCAP | BANKX | INDST | GROWTH,,,,
UNIONBANK,LCAP | BANKX | PSU | INDST | REVIVAL,,,,
ZYDUSWELL,MCAP | FMCG | DOMEST,,,,
CENTENKA,SCAP,,,,
AGARIND,SCAP | CONSUM,,,,
SBCL,SCAP | NBFC | INDST,,,,
ADANIPOWER,LCAP | N100 | POWER | GROWTH | INDST,,,,
RUSTOMJEE,MCAP | REAL | DOMEST,,,,
GUFICBIO,SCAP | PHARMA | BIOX,,,,
HEMIPROP,SCAP | REAL | DOMEST,,,,
TREJHARA,MICAP | NBFC | VALUE,,,,
SKYGOLD,MCAP | RETAIL | DOMEST,,,,
ELDEHSG,SCAP | REAL | DOMEST,,,,
MAHLOG,SCAP | LOGIS | DOMEST,,,,
GUJGASLTD,LCAP | ENERGY | DUO30 | INFRA | NATINF,,,,
VENUSREM,SCAP,,,,
PAKKA,MICAP | CONSUM | GRENX,,,,
PRECOT,SCAP,,,,
SSWL,SCAP,,,,
GARFIBRES,MCAP | CONSUM | EXPORT | NICHE,,,,
SBFC,MCAP | NBFC | GROWTH | INDST,,,,
GENUSPOWER,MCAP | POWER | IOTX | GROWTH | INDST,,,,
J&KBANK,MCAP | BANKX | REGLEAD | INDST,,,,
AWHCL,SCAP | CONSUM | DOMEST,,,,
CARERATING,MCAP | NBFC | ASSETL | INDST,,,,
CIGNITITEC,SCAP | TECH | EXPORT | GROWTH,,,,
AUTOAXLES,SCAP | AUTO | NICHE,,,,
UFLEX,SCAP | CONSUM | EXPORT,,,,
JINDALPOLY,SCAP,,,,
EMUDHRA,SCAP | TECH | CYBRX | GROWTH | INDST,,,,
S&SPOWER,MICAP | INFRA | EXPORT,,,,
LIKHITHA,SCAP | INFRA | GROWTH | GOVCAP,,,,
JKLAKSHMI,MCAP | INFRA | DOMEST,,,,
LINCOLN,SCAP,,,,
KSOLVES,SCAP | TECH | EXPORT,,,,
KRBL,MCAP | FMCG | EXPORT | DOMEST,,,,
CHALET,MCAP | CONSUM | GROWTH | DOMEST,,,,
PGEL,MCAP | POWER | SOLX | GRENX | GROWTH,,,,
KKCL,SCAP,,,,
APTUS,MCAP | NBFC | GROWTH | INDST | RURALX,,,,
GRANULES,MCAP | PHARMA | EXPORT | GROWTH,,,,
SRGHFL,MICAP | NBFC | INDST,,,,
VSSL,SCAP,,,,
IONEXCHANG,SCAP | CHEMX | NICHE | EXPORT | GRENX,,,,
SHREEPUSHK,SCAP,,,,
REDINGTON,MCAP,,,,
LOKESHMACH,SCAP,,,,
ASHOKA,SCAP | INFRA | GOVCAP,,,,
HARRMALAYA,MICAP,,,,
ASAHISONG,MICAP | CONSUM,,,,
GOLDIAM,SCAP | RETAIL | EXPORT,,,,
PODDARMENT,MICAP | CONSUM,,,,
M&MFIN,LCAP | NBFC | RURALX | DOMEST | INDST,,,,
BAJAJCON,MCAP | FMCG | BRANDX | DOMEST,,,,
WIPRO,LCAP | N50 | N100 | TECH | LEADER | GLOBEX | EXPORT | USREV,,,,
EIHAHOTELS,SCAP | CONSUM | PREM | DOMEST,,,,
UNITEDTEA,MICAP,,,,
SANGAMIND,SCAP | CONSUM | EXPORT,,,,
CMSINFO,MCAP | TECH | SERVX | ASSETL | GROWTH,,,,
HINDOILEXP,SCAP | ENERGY | SPECX,,,,
HLEGLAS,SCAP | CONSUM | NICHE,,,,
HINDCOPPER,LCAP | METAL | PSU | COMMOD,,,,
KILITCH,SCAP | PHARMA,,,,
ZAGGLE,SCAP | TECH | FINX | SAAS | GROWTH | INDST,,,,
UTTAMSUGAR,SCAP | FMCG | CYCL,,,,
GREENLAM,MCAP | CONSUM | GROWTH | DOMEST,,,,
SWELECTES,SCAP | INFRA | GROWTH,,,,
CANBK,LCAP | N100 | BANKX | PSU | INDST,,,,
THYROCARE,MCAP | PHARMA | DOMEST | INDST,,,,
TNPL,SCAP | CONSUM | PSU,,,,
MARATHON,SCAP | REAL | DOMEST,,,,
KAMATHOTEL,MICAP | CONSUM | DOMEST,,,,
ARIHANTSUP,SCAP | REAL | DOMEST,,,,
DIACABS,MCAP | INFRA | GROWTH,,,,
PRECWIRE,MCAP | INFRA | GROWTH,,,,
DCMNVL,MICAP | CHEMX,,,,
MEGASTAR,MICAP | CONSUM,,,,
MUKANDLTD,SCAP | METAL | CYCL,,,,
JBMA,MCAP | AUTO | EVX | GROWTH,,,,
BANARBEADS,MICAP,,,,
AARVI,MICAP | SERVX,,,,
GUJAPOLLO,MICAP,,,,
BLS,MCAP | SERVX | GROWTH | GLOBEX,,,,
MBAPL,SCAP | LOGIS | PSU,,,,
QUESS,SCAP | SERVX | DOMEST,,,,
SHOPERSTOP,SCAP | RETAIL | DOMEST,,,,
LOTUSEYE,MICAP | PHARMA | DOMEST,,,,
MINDTECK,SCAP | TECH | EXPORT,,,,
SUNTECK,SCAP | REAL | PREM | DOMEST,,,,
ROHLTD,SCAP | CONSUM,,,,
INTENTECH,MICAP | TECH,,,,
LAOPALA,SCAP | CONSUM | DOMEST,,,,
PALASHSECU,SCAP | NBFC,,,,
PENIND,SCAP | AUTO | NICHE,,,,
DABUR,LCAP | N100 | FMCG | BRANDX | COMPD | DOMEST,,,,
KECL,SCAP,,,,
SHALBY,SCAP | PHARMA | DOMEST | INDST,,,,
VERANDA,SCAP | TECH | DOMEST | GROWTH,,,,
ELECON,MCAP | INFRA | GROWTH,,,,
MCX,LCAP | MONO | ASSETL | NETWRK | INDST | FINFORM,,,,
SANSERA,MCAP | AUTO | EXPORT | GLOBEX,,,,
MANAPPURAM,LCAP | NBFC | INDST | RURALX,,,,
JSWENERGY,LCAP | POWER | SOLX | GRENX | ENTRANS | GROWTH | INDST,,,,
SKMEGGPROD,SCAP | FMCG | DOMEST,,,,
BBTCL,MICAP | CONSUM,,,,
ASHIANA,SCAP | REAL | DOMEST,,,,
ORIENTBELL,SCAP | CONSUM | DOMEST,,,,
JYOTHYLAB,MCAP | FMCG | DOMEST | RURALX,,,,
SIRCA,SCAP | CONSUM | DOMEST,,,,
MINDACORP,MCAP | AUTO | EVX | GROWTH,,,,
ORIENTELEC,SCAP,,,,
HINDZINC,LCAP | METAL | COMMOD | EXPORT | DIVX,,,,
UNIPARTS,SCAP | AUTO | EXPORT,,,,
FINPIPE,MCAP | INFRA | GROWTH,,,,
HSCL,LCAP | CHEMX | GROWTH,,,,
TRIVENI,MCAP | INFRA | POWER | GROWTH,,,,
VEDL,LCAP | N100 | METAL | CYCL | COMMOD | GLOBEX | DIVX,,,,
PONNIERODE,MICAP,,,,
RITCO,SCAP | LOGIS,,,,
ANANTRAJ,MCAP | REAL | GROWTH | DOMEST,,,,
PRECAM,SCAP | AUTO | NICHE | EXPORT,,,,
CESC,LCAP | POWER | REGLEAD,,,,
PRINCEPIPE,SCAP | INFRA | GROWTH | DOMEST,,,,
NCC,MCAP | INFRA | GOVCAP,,,,
HISARMETAL,SCAP | METAL | CYCL,,,,
SUNFLAG,MCAP | METAL | CYCL,,,,
PTC,MCAP | POWER | INFRA,,,,
KSB,MCAP | INFRA | EXPORT | NICHE,,,,
RAMKY,SCAP | INFRA | GOVCAP,,,,
NYKAA,LCAP | RETAIL | PLTFRM | MARKET | GROWTH | DOMEST | DIGIND,,,,
VSTIND,SCAP,,,,
JINDRILL,SCAP,,,,
DHARMAJ,SCAP,,,,
AGRITECH,SCAP | AGRTX | GROWTH,,,,
GULPOLY,SCAP,,,,
VIDHIING,SCAP | CHEMX | NICHE,,,,
THOMASCOTT,MICAP,,,,
SESHAPAPER,SCAP | CONSUM,,,,
SURYODAY,SCAP | BANKX | INDST,,,,
EVEREADY,SCAP | CONSUM | DOMEST | BATTX,,,,
BOMDYEING,SCAP,,,,
SPARC,MCAP,,,,
PREMEXPLN,SCAP | ENERGY | NICHE,,,,
DLINKINDIA,SCAP | TECH | GLOBEX,,,,
GEECEE,SCAP | NBFC | VALUE,,,,
KABRAEXTRU,SCAP | INFRA | NICHE,,,,
INDOAMIN,SCAP | CHEMX,,,,
SOMICONVEY,MICAP,,,,
ROLEXRINGS,SCAP | INFRA | EXPORT | NICHE,,,,
WSTCSTPAPR,SCAP | CONSUM | DOMEST,,,,
RUCHIRA,MICAP,,,,
BSOFT,MCAP,,,,
BAJAJHCARE,SCAP | FMCG | DOMEST,,,,
NITINSPIN,SCAP | CONSUM | EXPORT,,,,
MASFIN,MCAP | NBFC | INDST,,,,
ZUARIIND,SCAP | CHEMX | DOMEST,,,,
NBCC,LCAP | INFRA | PSU | GOVCAP | GOVORD | NATINF,,,,
IFGLEXPOR,SCAP,,,,
INDUSTOWER,LCAP | N100 | TELE | INFRA | ASSETL | MONO | DOMEST,,,,
MENONBE,SCAP,,,,
RHL,MICAP | NBFC,,,,
INDIANHUME,SCAP | INFRA | GOVCAP,,,,
GSPL,MCAP | ENERGY | INFRA | NATINF,,,,
THEMISMED,SCAP | PHARMA,,,,
NCLIND,SCAP | CHEMX | NICHE,,,,
IDBI,LCAP | BANKX | PSU | INDST | REVIVAL,,,,
ENGINERSIN,MCAP,,,,
MANINDS,SCAP | AUTO | NICHE,,,,
DICIND,MICAP,,,,
JIOFIN,LCAP | NBFC | FINX | PLTFRM | GROWTH | INDST | DIGFIN,,,,
LUMAXTECH,MCAP | AUTO | GROWTH,,,,
BANKBARODA,LCAP | N100 | BANKX | PSU | INDST | REVIVAL,,,,
MAXIND,SCAP | CONSUM,,,,
REFEX,SCAP | ENERGY | GRENX | GROWTH,,,,
PETRONET,LCAP | ENERGY | PSU | ENSEC | LNGX | INFRA,,,,
GSFC,MCAP | CHEMX | PSU,,,,
SOTL,SCAP,,,,
HINDWAREAP,SCAP | CONSUM | DOMEST,,,,
ORIENTCEM,SCAP | INFRA | DOMEST,,,,
AETHER,MCAP | CHEMX | NICHE | EXPORT | GROWTH,,,,
FMGOETZE,SCAP | AUTO | GLOBEX,,,,
APCOTEXIND,SCAP | CHEMX,,,,
JINDALSAW,MCAP | INFRA | EXPORT,,,,
CONSOFINVT,SCAP | NBFC | VALUE,,,,
POWERGRID,LCAP | N50 | N100 | POWER | PSU | STRAT | NATINF | MONO | CAPINT,,,,
ARTEMISMED,LCAP | PHARMA | DOMEST | INDST,,,,
PARADEEP,MCAP | CHEMX | PSU,,,,
LATENTVIEW,MCAP | TECH | DATAX | AIX | EXPORT | GROWTH,,,,
DYCL,SCAP | CHEMX | NICHE,,,,
BHAGYANGR,SCAP | REAL | DOMEST,,,,
MIDHANI,MCAP | DEFX | PSU | STRAT | GOVORD | MAKEIN | NICHE,,,,
INDOCO,SCAP | PHARMA | EXPORT,,,,
IEX,MCAP | MONO | ASSETL | NETWRK | POWER | ENTRANS | INDST,,,,
TIRUMALCHM,SCAP | CHEMX,,,,
GREENPANEL,SCAP | CONSUM | DOMEST,,,,
FAZE3Q,SCAP,,,,
PRSMJOHNSN,MCAP,,,,
ARIES,MICAP,,,,
BBOX,MCAP,,,,
TEXRAIL,SCAP | INFRA | GOVCAP | GROWTH,,,,
NTPC,LCAP | N50 | N100 | POWER | PSU | SOLX | STRAT | NATINF | ENSEC | ENTRANS,,,,
TERASOFT,MICAP | TECH,,,,
INDIACEM,MCAP,,,,
STARCEMENT,MCAP | INFRA | REGLEAD | DOMEST,,,,
PCBL,MCAP | CHEMX | EXPORT,,,,
SMSPHARMA,SCAP | PHARMA,,,,
GPTINFRA,SCAP | INFRA | GOVCAP,,,,
DPWIRES,MICAP | INFRA,,,,
AUSOMENT,MICAP | INFRA,,,,
GRAPHITE,MCAP | METAL | NICHE | EXPORT | CYCL,,,,
JAGSNPHARM,SCAP | PHARMA,,,,
SAKAR,SCAP | PHARMA,,,,
KIRIINDUS,SCAP | CHEMX | EXPORT,,,,
JKIL,SCAP | INFRA | GOVCAP,,,,
TIMETECHNO,MCAP | TECH | EXPORT,,,,
GREAVESCOT,SCAP | AUTO | EVX | GROWTH,,,,
HARIOMPIPE,SCAP | INFRA | GROWTH,,,,
ASAL,SCAP,,,,
CASTROLIND,MCAP | ENERGY | DOMEST | DIVX,,,,
KIOCL,LCAP | METAL | PSU | EXPORT,,,,
SOUTHWEST,SCAP | LOGIS,,,,
GPPL,MCAP | LOGIS | INFRA | GROWTH,,,,
BHARATWIRE,SCAP,,,,
PPLPHARMA,LCAP | PHARMA | CONTRX | EXPORT,,,,
HEIDELBERG,SCAP | INFRA | DOMEST,,,,
ICIL,MCAP | CONSUM | NICHE | EXPORT,,,,
HEG,MCAP | METAL | NICHE | EXPORT | CYCL,,,,
IRCON,MCAP | INFRA | PSU | GOVCAP | GOVORD | NATINF | EXPORT,,,,
NAZARA,MCAP | MEDIA | TECH | GROWTH | DOMEST,,,,
CROMPTON,MCAP | CONSUM | GROWTH | DOMEST,,,,
RAILTEL,MCAP | TECH | PSU | GOVCAP | GROWTH | INFRA,,,,
SALONA,MICAP | CONSUM,,,,
RHIM,MCAP,,,,
NLCINDIA,LCAP | POWER | PSU | SOLX | ENTRANS,,,,
MODISONLTD,SCAP,,,,
CSBBANK,MCAP | BANKX | INDST,,,,
JMFINANCIL,MCAP | NBFC | INDST,,,,
MRPL,LCAP | ENERGY | PSU | CYCL,,,,
MAHASTEEL,SCAP | METAL | CYCL,,,,
TEMBO,SCAP,,,,
HINDCOMPOS,SCAP,,,,
SANGHVIMOV,SCAP | LOGIS | NICHE,,,,
SAIL,LCAP | METAL | PSU | CYCL | COMMOD,,,,
WANBURY,SCAP | PHARMA,,,,
BCONCEPTS,MICAP | TECH,,,,
PRICOLLTD,,,,,
SOFTTECH,SCAP,,,,
RKFORGE,MCAP | INFRA | EXPORT | AUTO,,,,
HECPROJECT,MICAP | INFRA | PSU,,,,
HUDCO,LCAP | INFRA | PSU | GOVCAP | NATINF,,,,
IRFC,LCAP | N100 | INFRA | PSU | GOVCAP | NATINF,,,,
ZODIAC,,,,,
JWL,MCAP | INFRA | GROWTH,,,,
MOTHERSON,LCAP | N100 | AUTO | GLOBEX | COMPD,,,,
NELCAST,SCAP,,,,
KHAITANLTD,SCAP | NBFC | VALUE,,,,
KTKBANK,MCAP | BANKX | REGLEAD | INDST,,,,
IIFL,MCAP | NBFC | INDST,,,,
MEGASOFT,SCAP | TECH | EXPORT,,,,
CORDSCABLE,MICAP | INFRA,,,,
GOKULAGRO,MCAP | FMCG | DOMEST,,,,
EMKAY,SCAP | NBFC | INDST,,,,
JKTYRE,MCAP | AUTO | DOMEST | CYCL,,,,
WINDMACHIN,SCAP,,,,
NRBBEARING,SCAP | AUTO | NICHE | EXPORT,,,,
HITECHCORP,MICAP,,,,
GAIL,LCAP | ENERGY | PSU | STRAT | ENSEC | LNGX | INFRA,,,,
GREENPLY,SCAP,,,,
ASHOKLEY,LCAP | AUTO | DOMEST | GROWTH,,,,
PLASTIBLEN,MICAP,,,,
CLSEL,SCAP,,,,
RECLTD,LCAP | N100 | INFRA | PSU | GOVCAP | GROWTH | NATINF,,,,
HEXATRADEX,SCAP,,,,
TARC,SCAP | REAL | DOMEST,,,,
INDOBORAX,SCAP,,,,
LEMONTREE,MCAP | CONSUM | GROWTH | DOMEST,,,,
GPIL,MCAP | METAL | CYCL,,,,
KARURVYSYA,LCAP | BANKX | REGLEAD | INDST,,,,
MAANALU,SCAP,,,,
SANDHAR,SCAP | AUTO | GLOBEX,,,,
RVNL,LCAP | INFRA | PSU | GOVCAP | GOVORD | NATINF | GROWTH,,,,
PANACHE,SCAP,,,,
GNA,SCAP | AUTO | EXPORT,,,,
BANSWRAS,MICAP | CONSUM,,,,
INOXGREEN,MCAP | POWER | GRENX | CLNENG | GROWTH,,,,
SASTASUNDR,SCAP | RETAIL | PLTFRM | DOMEST,,,,
APOLLOPIPE,SCAP | INFRA | GROWTH,,,,
PARAGMILK,SCAP | FMCG | DOMEST,,,,
KAPSTON,SCAP,,,,
KANPRPLA,MICAP | CHEMX,,,,
SHREYANIND,MICAP | INFRA,,,,
BHEL,LCAP | INFRA | PSU | CAPEX | REVIVAL,,,,
STERTOOLS,SCAP,,,,
AARON,MICAP | CONSUM,,,,
INFOBEAN,SCAP | TECH | EXPORT,,,,
GMDCLTD,LCAP | METAL | PSU | COMMOD,,,,
MMP,SCAP,,,,
MODIRUBBER,MICAP,,,,
JAMNAAUTO,SCAP | AUTO | EXPORT,,,,
RUBYMILLS,SCAP,,,,
STEELCAS,SCAP | INFRA | GLOBEX,,,,
COALINDIA,LCAP | N50 | N100 | METAL | PSU | COMMOD | STRAT | DIVX,,,,
PANAMAPET,SCAP,,,,
PFC,LCAP | INFRA | PSU | GOVCAP | NATINF | GROWTH,,,,
GRMOVER,SCAP | LOGIS | DOMEST,,,,
EIFFL,SCAP | REAL | DOMEST,,,,
5PAISA,SCAP | NBFC | FINX | INDST,,,,
NAVNETEDUL,SCAP | CONSUM | DOMEST,,,,
BECTORFOOD,MCAP | FMCG | GROWTH | DOMEST,,,,
JOCIL,MICAP | CHEMX | NICHE,,,,
PFOCUS,MCAP | PHARMA | NICHE,,,,
NATIONALUM,LCAP | METAL | PSU | COMMOD | EXPORT,,,,
STARTECK,MICAP,,,,
CANTABIL,SCAP | RETAIL | DOMEST | GROWTH,,,,
BHARATGEAR,MICAP,,,,
MOIL,MCAP | METAL | PSU | COMMOD,,,,
MMFL,SCAP | NBFC | INDST,,,,
SANDUMA,,,,,
